{
    "format": "layers-model",
    "generatedBy": "keras v2.5.0",
    "convertedBy": "TensorFlow.js Converter v3.7.0",
    "modelTopology": {
        "keras_version": "2.5.0",
        "backend": "tensorflow",
        "model_config": {
            "class_name": "Sequential",
            "config": {
                "name": "sequential_2",
                "layers": [
                    {
                        "class_name": "InputLayer",
                        "config": {
                            "batch_input_shape": [
                                null,
                                40
                            ],
                            "dtype": "float32",
                            "sparse": false,
                            "ragged": false,
                            "name": "dense_12_input"
                        }
                    },
                    {
                        "class_name": "Dense",
                        "config": {
                            "name": "dense_12",
                            "trainable": true,
                            "batch_input_shape": [
                                null,
                                40
                            ],
                            "dtype": "float32",
                            "units": 40,
                            "activation": "relu",
                            "use_bias": true,
                            "kernel_initializer": {
                                "class_name": "GlorotUniform",
                                "config": {
                                    "seed": null
                                }
                            },
                            "bias_initializer": {
                                "class_name": "Zeros",
                                "config": {}
                            },
                            "kernel_regularizer": null,
                            "bias_regularizer": null,
                            "activity_regularizer": null,
                            "kernel_constraint": null,
                            "bias_constraint": null
                        }
                    },
                    {
                        "class_name": "Dense",
                        "config": {
                            "name": "dense_13",
                            "trainable": true,
                            "dtype": "float32",
                            "units": 40,
                            "activation": "relu",
                            "use_bias": true,
                            "kernel_initializer": {
                                "class_name": "GlorotUniform",
                                "config": {
                                    "seed": null
                                }
                            },
                            "bias_initializer": {
                                "class_name": "Zeros",
                                "config": {}
                            },
                            "kernel_regularizer": null,
                            "bias_regularizer": null,
                            "activity_regularizer": null,
                            "kernel_constraint": null,
                            "bias_constraint": null
                        }
                    },
                    {
                        "class_name": "Dense",
                        "config": {
                            "name": "dense_14",
                            "trainable": true,
                            "dtype": "float32",
                            "units": 40,
                            "activation": "relu",
                            "use_bias": true,
                            "kernel_initializer": {
                                "class_name": "GlorotUniform",
                                "config": {
                                    "seed": null
                                }
                            },
                            "bias_initializer": {
                                "class_name": "Zeros",
                                "config": {}
                            },
                            "kernel_regularizer": null,
                            "bias_regularizer": null,
                            "activity_regularizer": null,
                            "kernel_constraint": null,
                            "bias_constraint": null
                        }
                    },
                    {
                        "class_name": "Dense",
                        "config": {
                            "name": "dense_15",
                            "trainable": true,
                            "dtype": "float32",
                            "units": 40,
                            "activation": "relu",
                            "use_bias": true,
                            "kernel_initializer": {
                                "class_name": "GlorotUniform",
                                "config": {
                                    "seed": null
                                }
                            },
                            "bias_initializer": {
                                "class_name": "Zeros",
                                "config": {}
                            },
                            "kernel_regularizer": null,
                            "bias_regularizer": null,
                            "activity_regularizer": null,
                            "kernel_constraint": null,
                            "bias_constraint": null
                        }
                    },
                    {
                        "class_name": "Dense",
                        "config": {
                            "name": "dense_16",
                            "trainable": true,
                            "dtype": "float32",
                            "units": 40,
                            "activation": "relu",
                            "use_bias": true,
                            "kernel_initializer": {
                                "class_name": "GlorotUniform",
                                "config": {
                                    "seed": null
                                }
                            },
                            "bias_initializer": {
                                "class_name": "Zeros",
                                "config": {}
                            },
                            "kernel_regularizer": null,
                            "bias_regularizer": null,
                            "activity_regularizer": null,
                            "kernel_constraint": null,
                            "bias_constraint": null
                        }
                    },
                    {
                        "class_name": "Dense",
                        "config": {
                            "name": "dense_17",
                            "trainable": true,
                            "dtype": "float32",
                            "units": 1,
                            "activation": "sigmoid",
                            "use_bias": true,
                            "kernel_initializer": {
                                "class_name": "GlorotUniform",
                                "config": {
                                    "seed": null
                                }
                            },
                            "bias_initializer": {
                                "class_name": "Zeros",
                                "config": {}
                            },
                            "kernel_regularizer": null,
                            "bias_regularizer": null,
                            "activity_regularizer": null,
                            "kernel_constraint": null,
                            "bias_constraint": null
                        }
                    }
                ]
            }
        },
        "training_config": {
            "loss": "binary_crossentropy",
            "metrics": [
                [
                    {
                        "class_name": "MeanMetricWrapper",
                        "config": {
                            "name": "accuracy",
                            "dtype": "float32",
                            "fn": "binary_accuracy"
                        }
                    }
                ]
            ],
            "weighted_metrics": null,
            "loss_weights": null,
            "optimizer_config": {
                "class_name": "Adam",
                "config": {
                    "name": "Adam",
                    "learning_rate": 0.0010000000474974513,
                    "decay": 0.0,
                    "beta_1": 0.8999999761581421,
                    "beta_2": 0.9990000128746033,
                    "epsilon": 1e-07,
                    "amsgrad": false
                }
            }
        }
    },
    "weightsManifest": [
        {
            "paths": [
                "group1-shard1of1.bin"
            ],
            "weights": [
                {
                    "name": "dense_12/kernel",
                    "shape": [
                        40,
                        40
                    ],
                    "dtype": "float32"
                },
                {
                    "name": "dense_12/bias",
                    "shape": [
                        40
                    ],
                    "dtype": "float32"
                },
                {
                    "name": "dense_13/kernel",
                    "shape": [
                        40,
                        40
                    ],
                    "dtype": "float32"
                },
                {
                    "name": "dense_13/bias",
                    "shape": [
                        40
                    ],
                    "dtype": "float32"
                },
                {
                    "name": "dense_14/kernel",
                    "shape": [
                        40,
                        40
                    ],
                    "dtype": "float32"
                },
                {
                    "name": "dense_14/bias",
                    "shape": [
                        40
                    ],
                    "dtype": "float32"
                },
                {
                    "name": "dense_15/kernel",
                    "shape": [
                        40,
                        40
                    ],
                    "dtype": "float32"
                },
                {
                    "name": "dense_15/bias",
                    "shape": [
                        40
                    ],
                    "dtype": "float32"
                },
                {
                    "name": "dense_16/kernel",
                    "shape": [
                        40,
                        40
                    ],
                    "dtype": "float32"
                },
                {
                    "name": "dense_16/bias",
                    "shape": [
                        40
                    ],
                    "dtype": "float32"
                },
                {
                    "name": "dense_17/kernel",
                    "shape": [
                        40,
                        1
                    ],
                    "dtype": "float32"
                },
                {
                    "name": "dense_17/bias",
                    "shape": [
                        1
                    ],
                    "dtype": "float32"
                }
            ]
        }
    ]
}